번,호
곡,정,보
앨,범,명
좋,아,요, ,수
[,1,번,]
어,푸, ,(,A,h, ,p,u,h,)
아,이,유
I,U, ,5,t,h, ,A,l,b,u,m, ,',L,I,L,A,C,'
[,2,번,]
어,푸, ,(,A,h, ,p,u,h,)
아,이,유
I,U, ,5,t,h, ,A,l,b,u,m, ,',L,I,L,A,C,'
[,3,번,]
어,푸, ,(,A,h, ,p,u,h,)
아,이,유
I,U, ,5,t,h, ,A,l,b,u,m, ,',L,I,L,A,C,'
[,4,번,]
어,푸, ,(,A,h, ,p,u,h,)
아,이,유
I,U, ,5,t,h, ,A,l,b,u,m, ,',L,I,L,A,C,'
[,5,번,]
어,푸, ,(,A,h, ,p,u,h,)
아,이,유
I,U, ,5,t,h, ,A,l,b,u,m, ,',L,I,L,A,C,'
[,6,번,]
어,푸, ,(,A,h, ,p,u,h,)
아,이,유
I,U, ,5,t,h, ,A,l,b,u,m, ,',L,I,L,A,C,'
[,7,번,]
어,푸, ,(,A,h, ,p,u,h,)
아,이,유
I,U, ,5,t,h, ,A,l,b,u,m, ,',L,I,L,A,C,'
[,8,번,]
어,푸, ,(,A,h, ,p,u,h,)
아,이,유
I,U, ,5,t,h, ,A,l,b,u,m, ,',L,I,L,A,C,'
[,9,번,]
어,푸, ,(,A,h, ,p,u,h,)
아,이,유
I,U, ,5,t,h, ,A,l,b,u,m, ,',L,I,L,A,C,'
[,1,0,번,]
어,푸, ,(,A,h, ,p,u,h,)
아,이,유
I,U, ,5,t,h, ,A,l,b,u,m, ,',L,I,L,A,C,'
[,1,1,번,]
어,푸, ,(,A,h, ,p,u,h,)
아,이,유
I,U, ,5,t,h, ,A,l,b,u,m, ,',L,I,L,A,C,'
[,1,2,번,]
어,푸, ,(,A,h, ,p,u,h,)
아,이,유
I,U, ,5,t,h, ,A,l,b,u,m, ,',L,I,L,A,C,'
[,1,3,번,]
어,푸, ,(,A,h, ,p,u,h,)
아,이,유
I,U, ,5,t,h, ,A,l,b,u,m, ,',L,I,L,A,C,'
[,1,4,번,]
어,푸, ,(,A,h, ,p,u,h,)
아,이,유
I,U, ,5,t,h, ,A,l,b,u,m, ,',L,I,L,A,C,'
[,1,5,번,]
어,푸, ,(,A,h, ,p,u,h,)
아,이,유
I,U, ,5,t,h, ,A,l,b,u,m, ,',L,I,L,A,C,'
[,1,6,번,]
어,푸, ,(,A,h, ,p,u,h,)
아,이,유
I,U, ,5,t,h, ,A,l,b,u,m, ,',L,I,L,A,C,'
[,1,7,번,]
어,푸, ,(,A,h, ,p,u,h,)
아,이,유
I,U, ,5,t,h, ,A,l,b,u,m, ,',L,I,L,A,C,'
[,1,8,번,]
어,푸, ,(,A,h, ,p,u,h,)
아,이,유
I,U, ,5,t,h, ,A,l,b,u,m, ,',L,I,L,A,C,'
[,1,9,번,]
어,푸, ,(,A,h, ,p,u,h,)
아,이,유
I,U, ,5,t,h, ,A,l,b,u,m, ,',L,I,L,A,C,'
[,2,0,번,]
어,푸, ,(,A,h, ,p,u,h,)
아,이,유
I,U, ,5,t,h, ,A,l,b,u,m, ,',L,I,L,A,C,'
[,2,1,번,]
어,푸, ,(,A,h, ,p,u,h,)
아,이,유
I,U, ,5,t,h, ,A,l,b,u,m, ,',L,I,L,A,C,'
[,2,2,번,]
어,푸, ,(,A,h, ,p,u,h,)
아,이,유
I,U, ,5,t,h, ,A,l,b,u,m, ,',L,I,L,A,C,'
[,2,3,번,]
어,푸, ,(,A,h, ,p,u,h,)
아,이,유
I,U, ,5,t,h, ,A,l,b,u,m, ,',L,I,L,A,C,'
[,2,4,번,]
어,푸, ,(,A,h, ,p,u,h,)
아,이,유
I,U, ,5,t,h, ,A,l,b,u,m, ,',L,I,L,A,C,'
[,2,5,번,]
어,푸, ,(,A,h, ,p,u,h,)
아,이,유
I,U, ,5,t,h, ,A,l,b,u,m, ,',L,I,L,A,C,'
[,2,6,번,]
어,푸, ,(,A,h, ,p,u,h,)
아,이,유
I,U, ,5,t,h, ,A,l,b,u,m, ,',L,I,L,A,C,'
[,2,7,번,]
어,푸, ,(,A,h, ,p,u,h,)
아,이,유
I,U, ,5,t,h, ,A,l,b,u,m, ,',L,I,L,A,C,'
[,2,8,번,]
어,푸, ,(,A,h, ,p,u,h,)
아,이,유
I,U, ,5,t,h, ,A,l,b,u,m, ,',L,I,L,A,C,'
[,2,9,번,]
어,푸, ,(,A,h, ,p,u,h,)
아,이,유
I,U, ,5,t,h, ,A,l,b,u,m, ,',L,I,L,A,C,'
[,3,0,번,]
어,푸, ,(,A,h, ,p,u,h,)
아,이,유
I,U, ,5,t,h, ,A,l,b,u,m, ,',L,I,L,A,C,'
[,3,1,번,]
어,푸, ,(,A,h, ,p,u,h,)
아,이,유
I,U, ,5,t,h, ,A,l,b,u,m, ,',L,I,L,A,C,'
[,3,2,번,]
어,푸, ,(,A,h, ,p,u,h,)
아,이,유
I,U, ,5,t,h, ,A,l,b,u,m, ,',L,I,L,A,C,'
[,3,3,번,]
어,푸, ,(,A,h, ,p,u,h,)
아,이,유
I,U, ,5,t,h, ,A,l,b,u,m, ,',L,I,L,A,C,'
[,3,4,번,]
어,푸, ,(,A,h, ,p,u,h,)
아,이,유
I,U, ,5,t,h, ,A,l,b,u,m, ,',L,I,L,A,C,'
[,3,5,번,]
어,푸, ,(,A,h, ,p,u,h,)
아,이,유
I,U, ,5,t,h, ,A,l,b,u,m, ,',L,I,L,A,C,'
[,3,6,번,]
어,푸, ,(,A,h, ,p,u,h,)
아,이,유
I,U, ,5,t,h, ,A,l,b,u,m, ,',L,I,L,A,C,'
[,3,7,번,]
어,푸, ,(,A,h, ,p,u,h,)
아,이,유
I,U, ,5,t,h, ,A,l,b,u,m, ,',L,I,L,A,C,'
번,호
곡,정,보
앨,범,명
좋,아,요, ,수
[,1,번,]
어,푸, ,(,A,h, ,p,u,h,)
아,이,유
I,U, ,5,t,h, ,A,l,b,u,m, ,',L,I,L,A,C,'
[,2,번,]
어,푸, ,(,A,h, ,p,u,h,)
아,이,유
I,U, ,5,t,h, ,A,l,b,u,m, ,',L,I,L,A,C,'
[,3,번,]
어,푸, ,(,A,h, ,p,u,h,)
아,이,유
I,U, ,5,t,h, ,A,l,b,u,m, ,',L,I,L,A,C,'
[,4,번,]
어,푸, ,(,A,h, ,p,u,h,)
아,이,유
I,U, ,5,t,h, ,A,l,b,u,m, ,',L,I,L,A,C,'
[,5,번,]
어,푸, ,(,A,h, ,p,u,h,)
아,이,유
I,U, ,5,t,h, ,A,l,b,u,m, ,',L,I,L,A,C,'
[,6,번,]
어,푸, ,(,A,h, ,p,u,h,)
아,이,유
I,U, ,5,t,h, ,A,l,b,u,m, ,',L,I,L,A,C,'
[,7,번,]
어,푸, ,(,A,h, ,p,u,h,)
아,이,유
I,U, ,5,t,h, ,A,l,b,u,m, ,',L,I,L,A,C,'
[,8,번,]
어,푸, ,(,A,h, ,p,u,h,)
아,이,유
I,U, ,5,t,h, ,A,l,b,u,m, ,',L,I,L,A,C,'
[,9,번,]
어,푸, ,(,A,h, ,p,u,h,)
아,이,유
I,U, ,5,t,h, ,A,l,b,u,m, ,',L,I,L,A,C,'
[,1,0,번,]
어,푸, ,(,A,h, ,p,u,h,)
아,이,유
I,U, ,5,t,h, ,A,l,b,u,m, ,',L,I,L,A,C,'
[,1,1,번,]
어,푸, ,(,A,h, ,p,u,h,)
아,이,유
I,U, ,5,t,h, ,A,l,b,u,m, ,',L,I,L,A,C,'
[,1,2,번,]
어,푸, ,(,A,h, ,p,u,h,)
아,이,유
I,U, ,5,t,h, ,A,l,b,u,m, ,',L,I,L,A,C,'
[,1,3,번,]
어,푸, ,(,A,h, ,p,u,h,)
아,이,유
I,U, ,5,t,h, ,A,l,b,u,m, ,',L,I,L,A,C,'
[,1,4,번,]
어,푸, ,(,A,h, ,p,u,h,)
아,이,유
I,U, ,5,t,h, ,A,l,b,u,m, ,',L,I,L,A,C,'
[,1,5,번,]
어,푸, ,(,A,h, ,p,u,h,)
아,이,유
I,U, ,5,t,h, ,A,l,b,u,m, ,',L,I,L,A,C,'
[,1,6,번,]
어,푸, ,(,A,h, ,p,u,h,)
아,이,유
I,U, ,5,t,h, ,A,l,b,u,m, ,',L,I,L,A,C,'
[,1,7,번,]
어,푸, ,(,A,h, ,p,u,h,)
아,이,유
I,U, ,5,t,h, ,A,l,b,u,m, ,',L,I,L,A,C,'
[,1,8,번,]
어,푸, ,(,A,h, ,p,u,h,)
아,이,유
I,U, ,5,t,h, ,A,l,b,u,m, ,',L,I,L,A,C,'
[,1,9,번,]
어,푸, ,(,A,h, ,p,u,h,)
아,이,유
I,U, ,5,t,h, ,A,l,b,u,m, ,',L,I,L,A,C,'
[,2,0,번,]
어,푸, ,(,A,h, ,p,u,h,)
아,이,유
I,U, ,5,t,h, ,A,l,b,u,m, ,',L,I,L,A,C,'
[,2,1,번,]
어,푸, ,(,A,h, ,p,u,h,)
아,이,유
I,U, ,5,t,h, ,A,l,b,u,m, ,',L,I,L,A,C,'
[,2,2,번,]
어,푸, ,(,A,h, ,p,u,h,)
아,이,유
I,U, ,5,t,h, ,A,l,b,u,m, ,',L,I,L,A,C,'
[,2,3,번,]
어,푸, ,(,A,h, ,p,u,h,)
아,이,유
I,U, ,5,t,h, ,A,l,b,u,m, ,',L,I,L,A,C,'
[,2,4,번,]
어,푸, ,(,A,h, ,p,u,h,)
아,이,유
I,U, ,5,t,h, ,A,l,b,u,m, ,',L,I,L,A,C,'
[,2,5,번,]
어,푸, ,(,A,h, ,p,u,h,)
아,이,유
I,U, ,5,t,h, ,A,l,b,u,m, ,',L,I,L,A,C,'
[,2,6,번,]
어,푸, ,(,A,h, ,p,u,h,)
아,이,유
I,U, ,5,t,h, ,A,l,b,u,m, ,',L,I,L,A,C,'
[,2,7,번,]
어,푸, ,(,A,h, ,p,u,h,)
아,이,유
I,U, ,5,t,h, ,A,l,b,u,m, ,',L,I,L,A,C,'
[,2,8,번,]
어,푸, ,(,A,h, ,p,u,h,)
아,이,유
I,U, ,5,t,h, ,A,l,b,u,m, ,',L,I,L,A,C,'
[,2,9,번,]
어,푸, ,(,A,h, ,p,u,h,)
아,이,유
I,U, ,5,t,h, ,A,l,b,u,m, ,',L,I,L,A,C,'
[,3,0,번,]
어,푸, ,(,A,h, ,p,u,h,)
아,이,유
I,U, ,5,t,h, ,A,l,b,u,m, ,',L,I,L,A,C,'
[,3,1,번,]
어,푸, ,(,A,h, ,p,u,h,)
아,이,유
I,U, ,5,t,h, ,A,l,b,u,m, ,',L,I,L,A,C,'
[,3,2,번,]
어,푸, ,(,A,h, ,p,u,h,)
아,이,유
I,U, ,5,t,h, ,A,l,b,u,m, ,',L,I,L,A,C,'
[,3,3,번,]
어,푸, ,(,A,h, ,p,u,h,)
아,이,유
I,U, ,5,t,h, ,A,l,b,u,m, ,',L,I,L,A,C,'
[,3,4,번,]
어,푸, ,(,A,h, ,p,u,h,)
아,이,유
I,U, ,5,t,h, ,A,l,b,u,m, ,',L,I,L,A,C,'
[,3,5,번,]
어,푸, ,(,A,h, ,p,u,h,)
아,이,유
I,U, ,5,t,h, ,A,l,b,u,m, ,',L,I,L,A,C,'
[,3,6,번,]
어,푸, ,(,A,h, ,p,u,h,)
아,이,유
I,U, ,5,t,h, ,A,l,b,u,m, ,',L,I,L,A,C,'
[,3,7,번,]
어,푸, ,(,A,h, ,p,u,h,)
아,이,유
I,U, ,5,t,h, ,A,l,b,u,m, ,',L,I,L,A,C,'
