번호,제목,가수,곡코드번호,가사
1,어푸 (Ah puh),아이유,33372788,"I’m such a good surfer
가라앉지 않기
비틀 비 비틀 거리다가 풍덩 uh
빠지더라도 구명복 따윈 졸업

I’m such a good surfer
휩쓸리지 않기
울렁 우 울렁 거리다가 throw up
게워내더라도 지는 건 난 못 참아

제일 높은 파도
올라타타 라차차우아
해일과 함께 사라질 타이밍
그건 내가 골라
무슨 소리 겁이 나기는, 재밌지 뭐

어어어 푸푸푸 또
허허허 우우우적
거거거 리더던 시
저저절 나라면
워어언 이 사람아
언제적 얘길 꺼내나
보란듯이 헤엄치기 처첨버벙

저저적 셔셔셔 또
저저적 셔셔셔
거거겁 없이 몸을
더더던 져져져
워어언 이 사람아
뭘 그렇게나 놀래나
더 재밌는 걸 보여줄게
When the wave has come

I’m a bubble maker
잔잔한 바다를
지긋 지 지긋 괴롭히는 villain uh
나이를 먹어도 이 버릇 남 못 줘 난

I’m a bubble maker
이제 이쯤이야
출렁 추 출렁 멀미도 suck it up
물 먹이더라도 이곳을 난 못 떠나

제일 높은 파도
올라타타 라차차우아
너울과 함께 부서질 타이밍
그건 내가 골라
무슨 소리 겁이 나기는, 재밌지 뭐

어어어 푸푸푸 또
허허허 우우우적
거거거 리더던 시
저저절 나라면
워어언 이 사람아
언제적 얘길 꺼내나
맨몸으로 헤엄치기 처첨버벙

어 또 보네 다음에
다시 만날 때까지
부디 행운을 빌어
지겹게 보자고

슬 가볼게 나 먼저
저기 물마루에
원 이 사람 참
뭘 그렇게나 놀래나
더 재밌는 걸 보여줄게
When the wave has come

저저적 셔셔셔 또
저저적 셔셔셔
거거겁 없이 몸을
더더던 져져져
워어언 이 사람아
뭘 그렇게나 보채나
거품처럼 사라질게
When the time has come"
2,어젯밤 이야기,아이유,30646586,"어젯밤에 난 네가 미워졌어
어젯밤에 난 네가 싫어졌어
빙글빙글 돌아가는
불빛들을 바라보며
나 혼자 가슴 아팠어
내 친구들이
너의 손을 잡고 춤출 때마다
괴로워하던 나의 모습을
왜 못 보았니
어젯밤 파티는 너무도 외로웠지
이 세상을 다 준대도
바꿀 수가 없는 넌데
너는 그걸 왜 모르니 우
어젯밤에 난 네가 미워졌어
어젯밤에 난 네가 싫어졌어
쉴 새 없는 음악소리
끝나기를 기다리며
나 혼자 우울했었지
내 친구들이
너의 손을 잡고 춤출 때마다
괴로워하던 나의 모습을
왜 못 보았니
어젯밤 파티는 너무도 외로웠지
이 세상을 다 준대도
바꿀 수가 없는 넌데
너는 그걸 왜 모르니 우
어젯밤에 난 네가 미워졌어
어젯밤에 난 네가 싫어졌어
쉴 새 없는 음악소리
끝나기를 기다리며
나 혼자 우울했었지"
3,드라마,아이유,34481680,"나도 한때는 그이의 손을 잡고
내가 온 세상 주인공이 된 듯
꽃송이의 꽃잎 하나하나까지
모두 날 위해 피어났지

올림픽대로 뚝섬 유원지
서촌 골목골목 예쁜 식당
나를 휘청거리게 만든
주옥같은 대사들

다시 누군가 사랑할 수 있을까
예쁘다는 말 들을 수 있을까
하루 단 하루만 기회가 온다면
죽을힘을 다해 빛나리

언제부턴가 급격하게
단조로 바뀌던 배경음악
조명이 꺼진 세트장에
혼자 남겨진 나는

단역을 맡은 그냥 평범한 여자
꽃도 하늘도 한강도 거짓말
나의 드라마는 또 이렇게 끝나
나왔는지조차 모르게

끝났는지조차 모르게"
4,내 손을 잡아,아이유,3414749,"느낌이 오잖아

떨리고 있잖아

언제까지 눈치만 볼 거니

네 맘을 말해봐

딴청 피우지 말란 말이야

네 맘 가는 그대로

지금 내 손을 잡아

어서 내 손을 잡아

우연히 고개를 돌릴 때 마다

눈이 마주치는 건

며칠 밤 내내 꿈속에 나타나

밤새 나를 괴롭히는 건

그 많은 빈자리 중에서 하필

내 옆자릴 고르는 건

나도 모르게 어느새 실없는 웃음

흘리고 있다는 건

그럼 말 다했지 뭐

우리 얘기 좀 할까

느낌이 오잖아 떨리고 있잖아

언제까지 눈치만 볼 거니

네 맘을 말해봐

딴청 피우지 말란 말이야

네 맘 가는 그대로

지금 내 손을 잡아

핸드폰 진동에

심장이 덜컥내려 앉는다는 건

오 나도 모르게

어느새 짓궂은 네 말투

자꾸 듣고 싶은걸

어떡해

저기 멀리 걸어온다

눈이 마주친다

언제까지 넌 모른척 할거니

사랑이 온거야 너와 나 말이야

네가 좋아 정말 못 견딜 만큼

그거면 된거야

더는 생각하지 말란 말이야

네 맘 가는 그대로

느낌이 오잖아 떨리고 있잖아

언제까지 눈치만 볼 거니

네 맘을 말해봐

딴청 피우지 말란 말이야

네 맘 가는 그대로

지금 내 손을 잡아

그냥 내 손을 잡아

지금 내 손을 잡아"
5,삐삐,아이유,31346009,"Hi there
인사해 호들갑 없이
시작해요 서론 없이
스킨십은 사양할게요
back off back off
이대로 좋아요
balance balance
It's me 나예요 다를 거 없이
요즘엔 뭔가요 내 가십
탐색하는 불빛
scanner scanner
오늘은 몇 점인가요
jealous jealous
쟤는 대체 왜 저런 옷을 좋아한담
기분을 알 수 없는 저 표정은 뭐람
태가 달라진 건
아마 스트레스 때문인가
걱정이야 쟤도 참
Yellow C A R D
이 선 넘으면 침범이야 beep
매너는 여기까지
it's ma ma ma mine
Please keep the la la la line
Hello stuP I D
그 선 넘으면 정색이야 beep
Stop it 거리 유지해
cause we don't know know know know
Comma we don't owe owe owe owe
anything
I don't care
당신의 비밀이 뭔지
저마다의 사정 역시
정중히 사양할게요
not my business
이대로 좋아요
talk talkless
Still me 또예요
놀랄 거 없이
I'm sure you're gonna say
my gosh
바빠지는 눈빛
checki cheking
매일 틀린 그림 찾기
hash tagging
꼿꼿하게 걷다가 삐끗 넘어질라
다들 수군대는 걸 자긴 아나 몰라
요새 말이 많은 걔랑 어울린다나
문제야 쟤도 참
Yellow C A R D
이 선 넘으면 침범이야 beep
매너는 여기까지
it's ma ma ma mine
Please keep the la la la line
Hello stuP I D
그 선 넘으면 정색이야 beep
Stop it 거리 유지해
cause we don't know know know know
Comma we don't owe owe owe owe
anything
편하게 하지 뭐
어 거기 너 내 말 알아 들어 어
I don't believe it
에이 아직 모를 걸
내 말 틀려 또 나만 나뻐 어
I don't believe it
깜빡이 켜 교양이 없어 너
knock knock knock
Enough 더 상대 안 해
block block block block block
잘 모르겠으면
이젠 좀 외워 babe
Repeat repeat
참 쉽지 right
Yellow C A R D
이 선 넘으면 침범이야 beep
매너는 여기까지
it's ma ma ma mine
Please keep the la la la line
Hello stuP I D
그 선 넘으면 정색이야 beep
Stop it 거리 유지해
cause we don't know know know know
Comma we don't owe owe owe owe
anything"
6,Rain Drop,아이유,2705411,"소나기가 내려온다
내 머리위로 갑자기
말도 없이 젖어버리겠네
추억이 흘러 내린다
따라 눈물도 흐른다 바보처럼
집에가는길 아직도 멀기만한데
우산도 없이 감기걸릴것만 같아
이 길이 너에게로
돌아갈수 있는 길이면
젖어도 좋은데
Oh Rain Drop Oh Rain Drop
사랑이 참 모자라구나
Oh Rain Drop Oh Rain Drop
사랑은 저 빗방울처럼
모두 까맣게 잊어버리고
젖어 버리고선
아파하는 감기같은 걸까요

지난 여름날 햇살아래 짜증내고
뒤돌아 서버린 내 어리석음
예전처럼 우산을 들고
서있는 너를 본다면
참좋을 것같아
Oh Rain Drop Oh Rain Drop
사랑이 참 모자라구나
Oh Rain Drop Oh Rain Drop
사랑은 저 빗방울처럼
모두 까맣게 잊어버리고
젖어 버리고선
아파하는 감기같은 걸까요
쉽게 내쳐버린 말
야속했던 얘기로
많이 상처받았을 네가슴 이지만
오 아직도 내가 있다면
그안에 내가 있다면
젖은 발로 달려가고만 싶어
oh rain drop oh rain drop
사랑이 참 모자라구나
oh rain drop oh rain drop
사랑은 저 빗방울처럼
정말 까맣게 잊어버리고
젖어 버리고선
아파하는 감기같은 걸까요
그런 못된 감기같은 걸까요
내사랑은 항상 왜 이럴까요"
7,비밀의 화원,아이유,30646584,"바람을 타고 날아오르는
새들은 걱정 없이
아름다운 태양 속으로
음표가 되어 나네
향기 나는 연필로 쓴 일기처럼
숨겨두었던 마음
기댈 수 있는 어깨가 있어
비가 와도 젖지 않아
어제의 일들은 잊어
누구나 조금씩은 틀려
완벽한 사람은 없어
실수투성이고 외로운 나를 봐
난 다시 태어난 것만 같아
그대를 만나고부터
그대 나의 초라한 마음을
받아준 순간부터 랄라라릴라
하루하루 조금씩 나아질 거야
그대가 지켜보니
힘을 내야지 행복해져야지
뒤뜰에 핀 꽃들처럼
점심을 함께 먹어야지
새로 연 그 가게에서
새 샴푸를 사러 가야지
아침 하늘빛의 민트향이면 어떨까
난 다시 꿈을 꾸게 되었어
그대를 만나고부터
그대 나의 초라한
마음을 받아준 순간부터 랄라라릴라
월요일도 화요일도 봄에도
겨울에도 해가 질 무렵에도
비둘기를 안은 아이같이
행복해줘 나를 위해서
난 다시 태어난 것만 같아
그대를 만나고부터
그대 나의 초라한 마음을
받아준 순간부터 랄라라릴라
난 다시 꿈을 꾸게 되었어
그대를 만나고부터
그대 나의 초라한 마음을
받아준 순간부터 랄라라릴라"
8,푸르던,아이유,7896509,"그날 알았지 이럴 줄
이렇게 될 줄
두고두고 생각날 거란 걸
바로 알았지
까만 하늘 귀뚜라미
울음소리
힘을 주어 잡고 있던 작은 손
너는 조용히 내려
나의 가물은 곳에 고이고
나는 한참을 서서
가만히 머금은 채로 그대로
나의 여름 가장 푸르던 그 밤
그 밤
너의 기억은 어떨까
무슨 색일까
너의 눈에 비친 내 모습도
소중했을까
머리 위로 연구름이
지나가네
그 사이로 선바람이 흐르네
너는 조용히 내려
나의 가물은 곳에 고이고
나는 한참을 서서
가만히 머금은 채로 그대로
나의 여름 가장 푸르던
빗소리가 삼킨 사랑스런 대화
조그맣게 움을 트는 마음
그림처럼 묽게 번진 여름 안에
오로지 또렷한 너
너는 조용히 내려
나의 가물은 곳에 고이고
나는 한참을 서서
가만히 머금은 채로 그대로
나의 여름 가장 푸르던 그 밤
그 밤
그날 알았지 이럴 줄"
9,strawberry moon,아이유,34101563,"달이 익어가니 서둘러 젊은 피야
민들레 한 송이 들고
사랑이 어지러이 떠다니는 밤이야
날아가 사뿐히 이루렴

팽팽한 어둠 사이로
떠오르는 기분
이 거대한 무중력에 혹 휘청해도
두렵진 않을 거야

푸르른 우리 위로
커다란 strawberry moon 한 스쿱
나에게 너를 맡겨볼래 eh-oh

바람을 세로질러
날아오르는 기분 so cool
삶이 어떻게 더 완벽해 ooh

다시 마주하기 어려운 행운이야
온몸에 심장이 뛰어
Oh 오히려 기꺼이 헤매고픈 밤이야
너와 길 잃을 수 있다면

맞잡은 서로의 손으로
출입구를 허문
이 무한함의 끝과 끝 또 위아래로
비행을 떠날 거야

푸르른 우리 위로
커다란 strawberry moon 한 스쿱
나에게 너를 맡겨볼래 eh-oh
바람을 세로질러
날아오르는 기분 so cool
삶이 어떻게 더 완벽해 ooh

놀라워 이보다
꿈같은 순간이 또 있을까 (더 있을까)
아마도 우리가 처음 발견한
오늘 이 밤의 모든 것, 그 위로 날아

푸르른 우리 위로
커다란 strawberry moon 한 스쿱
세상을 가져보니 어때 eh-oh

바람을 세로질러
날아오르는 기분 so cool
삶이 어떻게 더 완벽해 ooh"
10,잠자는 숲 속의 왕자 (Feat. 윤상),아이유,3628512,"언제까지 너의 꿈속으로
달아나는 거야
아침이면 모두 어김없이
끝나 버릴 텐데
잠든 너를 지켜보는 것도
지겨워 지겨워
눈을 뜨면 나는 먼 곳으로
떠났을지 몰라
자고 있던 나를 깨워 놓은 건
잊어버렸니 바로 너였을 텐데
꿈결 속에 들려준 약속들 모두
눈을 떠 봐 어디간 거야
언제까지 너의 꿈속으로
달아나는 거야
아침이면 모두 어김없이
끝나 버릴텐데
잠든 너를 지켜보는 것도
지겨워 지겨워
눈을 뜨면 나는 먼 곳으로
떠났을지 몰라
자고 있던 나를 깨워 놓은 건
잊어버렸니 바로 너였을 텐데
꿈결 속에 들려준 약속들 모두
눈을 떠 봐 어디간 거야
어디에서부터 잘못된 거야
맨 처음부터
이런 것이 끝은 아니었잖아
잊어버렸니 모두 그대로인걸
옛날부터 그렇게 정해진대로
오래오래 행복해야지
자고 있던 나를 깨워 놓은 건
잊어버렸니 바로 너였을 텐데
꿈결 속에 들려준 약속들 모두
눈을 떠 봐 어디간 거야
자고 있던 나를 깨워 놓은 건
잊어버렸니 바로 너였을 텐데
꿈결 속에 들려준 약속들 모두
눈을 떠 봐 어디간 거야"
11,Black Out,아이유,30378160,"놔 봐 나 완벽해 멀쩡해
집에 안 가도 돼
정말 구구단도 가능해
칠칠에 사십구
안 믿는 거 다 알아
Nothing special
기분 좋아서 그래
Something special
절대 나 괜찮아 맹세해
아 너나 좀 잘해
어머 쟤네 둘이서 키스해
하라지 뭐 어때
가서 아무나 안아
Nothing special
기분 좋아서 그래
Something special
샌디에이고나 산티아고나
너는 상관없지
That she said
Course course I don't care
오늘 다시 안 오겠지
당연히 올 리가 없지
여기부턴 기억 안 할래
Hey ms. 델러 웨이
I love your party
이리 와서 나의 키스를 받아줘
사랑이 많은 건 전혀
나쁜 게 아니래요
잠깐 바닥이 일어났어
나 진짜 억울해
봐봐 쟤 나한테 인사해
오지 마 위험해
이상하게 보지 마
Nothing special
기분 좋아서 그래
Something special
두 갈래로 보일 때는
대개는 왼쪽이 맞아
That he said But 나 멀쩡해
오늘 다시 안 오겠지
당연히 올 리가 없지
여기부턴 기억 안 할래
Hey 거기 DJ I love your music
도대체 나를 어떻게 한 거야
다스베이더만 아니면
네가 내 첫사랑이야 Oh
Hey ms. 델러 웨이
I love your party
이리 와서 나의 키스를 받아줘
사랑이 많은 건 전혀
나쁜 게 아니래요
Hey 거기 DJ I love your music
도대체 나를 어떻게 한 거야
다스베이더만 아니면
네가 내 첫사랑이야 Oh"
12,Into the I-LAND,아이유,32698765,"I got pushed 떠밀려 왔어
오래도 찾아 헤맨 꿈의 문 앞에
내 안에 그 작은 노래가
작은 노래가 날 여기 데려왔어

외로워도 기댈 곳 없이
괴로워도 멈춤 없이
그저 참고 견딘 시간의 의미를

이제야 나 널 만난 후에야
손잡은 후에야 그 이유를 깨달아

Yeah I’m scared 두렵긴 하지만
힘차게 뛰어가 let's just try
It’s our chance 수없이 새겨진
지난 발자국이 알아

Woah oh
친구가 되어 함께 걸어줘
Let’s just run for our lives
Woah oh
손을 내밀어 그리고 약속해
Let’s just run for our lives

Woah oh
미래의 문이 열리고 약속의 그날이 보여
You & I
We can fly
넌 또 다른 나 난 또 다른 너
Let’s just run for our lives

Woah oh
너와 내 꿈의 I-LAND
Run for your heart run for your life
너와 내 꿈의 I-LAND
Run for your heart run for your life

외로워도 기댈 곳 없이
괴로워도 멈춤 없이
내게 지구는 꼭 무인도 같았어

But right now 넌 지금 내 옆에
지금 내 옆에 함께 달리고 있어

Yeah I’m scared 떨리고 있지만
멈추지 말고 가 let's just try
It’s our chance 수없이 새겨진
지난 발자국이 알아

Woah oh
친구가 되어 함께 걸어줘
Let’s just run for our lives
Woah oh
손을 내밀어 그리고 약속해
Let’s just run for our lives

Woah oh
‘I’란 섬과 섬 사이
작은 선을 이어서 단단한 다릴 지어
Now I & I & I & I are I-LAND
너와 난 너와 난 너와 난 하나인 거야

너와 내 꿈의 I-LAND
Run for your heart run for your life
너와 내 꿈의 I-LAND
Run for your heart run for your life

Woah oh
친구가 되어 함께 걸어줘
Let’s just run for our lives
Woah oh
손을 내밀어 그리고 약속해
Let’s just run for our lives

Woah oh
꿈은 현실에 꽃피고 꽃은 불꽃 속에 빛나
You & I
We can fly
넌 또 다른 나 난 또 다른 너
Let’s just run for our lives

Woah oh
Oh
Run for your dream"
13,Suga Luv (Feat. 아이유),비즈니즈,2213554,"Yes Special Love Song For U
My Beautiful Lady
U Know Only Boo
Finally We rendezvous
Bizniz IU Let's Go
Suga Suga 나만의 Suga
사탕처럼 달콤한 내 사랑
Suga Suga 오 이럴수가
사랑에 빠져버린거야
언제부턴가 잠이 잘 안와
그녀 생각에 시간이 안가
내게 찾아온 Romantic Drama
주인공은 역은 바로 너와 나
그대가 없던 내 삶은 메마른 사막
다나 할꺼없이 외로워서 막막
가끔은 헛 것이 보이는 착각 속
싫은 밤에 지새며 눈물을 닦아
그랬던 내게 찾아온 그대
이 세상은 우리만을 위한 무대
웃게 해줄게 내 모든걸 다 줄게
새끼 손가락을 걸고 약속해
그녀 건드리면 다 죽어 A
그대 떠나가면 난 죽어 A
Never Ever Never Ever Let U Go
One N Two N Three N Four
Suga Suga 나만의 Suga
사탕처럼 달콤한 내 사랑
Suga Suga 오 이럴수가
사랑에 빠져버린거야
L O V E Y O U
이 세상 오직 단 한사람
L O V E Y O U
영원히 그대를 사랑해
그댄 내 삶을 구원해준 원더걸
하루만 안 봐도 후덜덜
소녀시대 전부를 다 데려와도
그녀보다 예쁜 사람 없을걸
별자리를 볼 때도 그녀꺼 먼저
혈액형도 내꺼보단 그녀가 먼저
밀고 땡기고 변화구 견제구
난 오직 사랑의 직구만 던져
절대 못 보냈던 닭살문자
요즘은 거의 작살 수준
이제부터는 저녁밥도 굶자
멋진 모습 위해 운동도 꾸준히
이런 내 모습이 부럽지
너무나 행복한 U N ME
우리 사랑 이대로 영원히
지켜줄게 My L O V E
Suga Suga 나만의 Suga
사탕처럼 달콤한 내 사랑
Suga Suga 오 이럴수가
사랑에 빠져버린거야
너의 눈빛 Like Suga
너의 손길 Like Suga
너의 향기 Like Suga
너의 입술 Like Suga
너의 목소리 Like Suga
너의 모든걸 Like Suga
U Are So Sweet Girl
그댄 나만의 Dream Girl
Suga Suga 나만의 Suga
사탕처럼 달콤한 내 사랑
Suga Suga 오 이럴수가
사랑에 빠져버린거야
Suga Suga 나만의 Suga
반짝 반짝 그대는 Shining Star
Suga Suga 오 이럴수가
사랑에 빠져버린거야
L O V E Y O U
이 세상 오직 단 한사람
L O V E Y O U
영원히 그대를 사랑해"
14,달빛바다,아이유,3863651,"Yeah It's summer
어디라도 좋아
Falling love
오늘은 기어코 어디든지 가보자
이 여름 다 가기 전에 워우예에
물결이 들리고
풀이 많은 곳이 어때
솔직히 너랑은 어디라도 난 좋아
달빛바다 닮은 저 하늘
조각배처럼 예쁜 저 별들
Only for you
달빛 한 스푼
별빛 두 방울을
우리 추억에 담는 이 여름
달빛바다
Hey You
Just a feeling
Just a dreaming
바람을 따라서 가는거야
All right
내일은 기어코 다른 데서 눈 뜨자
젤 먼저 해 뜨는 데서
워우예에 어어어
부서진 파도에 무지개도 볼지 몰라
솔직히 너랑은 무얼 봐도 난 좋아
달빛바다 닮은 저 하늘
조각배처럼 예쁜 저 별들
Only for you
달빛 한 스푼
별빛 두 방울을
우리 추억에 담는 이 여름
달빛바다
Beautiful moon night
시원한 바다로 함께
떠나 보는건 어때 Yes
너와 함께라면 OK
내년 여름에도 우린 함께일거야
두 손을 꼭 잡고
오늘 얘길 나누게 될 걸
물빛하늘 닮은 저 바다
구름같은 파도가 밀려와
Only for you
여름마다 쌓인 추억들이
걸음마다 밟히는 이 여름
달빛바다"
15,마쉬멜로우,피에스타,2354532,"마쉬멜로우
말랑말랑 말랑말랑해
넌 특별해 완벽해 비교
분석 해봐도
다른 애들과는 다르지
달라 달라 boy
난 한심해 부족해 너에게서
떨어져 oh
바라 보기만 하는 바보지
내가 왜 이럴까 너만 생각하다
라랄라랄라라 날아 올라
바로 그때 어떡해 뚜벅뚜벅
니가 걸어와
불라불라 얘기를 하지 wow
무슨 말을 해도 들리지가 않아
째깍째깍 시간이 stop
마쉬멜로우 마쉬멜로우
달콤해서 너무 좋아
마쉬멜로우 마쉬멜로우
사랑이란 이런 걸까
말랑말랑 말랑해 너무
너무나 말랑해
girl girl baby girl
clap clap that ready girl
젤리처럼 통통해 쿠키처럼
촉촉해
boy boy baby boy boy
난 소심해 고민해 너를
떠올릴 때면
얼굴이 새빨게 지는 아이인걸
내가 왜 이럴까 너만 상상하다
라랄라랄라라 날아 올라
바로 그때 어떡해 두근두근
니가 다가와
사귀자고 대쉬를 하지
어떡해 어떡해
너의 목소리만 듣고 싶어 정말
가만가만 모두다 쉿
마쉬멜로우 마쉬멜로우
달콤해서 너무 좋아
마쉬멜로우 마쉬멜로우
사랑이란 이런 걸까
말랑말랑 말랑해 너무
너무나 말랑해
girl girl baby girl
clap clap that ready girl
젤리처럼 통통해 쿠키처럼
촉촉해
boy boy baby boy boy
꿈을 꿨나봐 눈을 뜨니까
거짓말 처럼 다 사라져
난 만날꺼야 다시 잘꺼야 몰라
마쉬멜로우 마쉬멜로우
달콤해서 너무 좋아
마쉬멜로우 마쉬멜로우
사랑이란 이런 걸까
말랑말랑 말랑해 너무
너무나 말랑해
girl girl baby girl
clap clap that ready girl
젤리처럼 통통해 쿠키처럼
촉촉해
boy boy baby boy boy
marshmallow"
16,나 말고 넷,아이유,2140971,"여보세요
나 정말 화났어
나 정말 화났어
그만 그만 그만 이제 그만
싫어 싫어 싫어 너무 싫어
거짓말이 내 눈에는 다 보여
다른 여잔 관심없단 그 말
너의 사랑 나 뿐이란 그 말
의심없이 바보같이 믿었지
두고봐 두고봐 넌 넌 넌 실수 했어
나 말고 더 있어 네 여잔
하나 둘 셋 넷
뚜루뚜뚜 뚜뚜 뚜 뚜루뚜
우리 둘이 딱 헤어져
싹싹 빌고 엉엉 울고
그래도 안 봐 줄래
뚜루뚜뚜 뚜뚜 뚜 뚜루뚜
여기까지 딱 좋았어
어머 어머 정말이야 끝이야
바람 피다 들키니까 어때
아니라며 잡아 떼면 뭘 해
빨리 빨리 사실대로 다 말해
두고봐 두고봐 넌 넌 넌 실수 했어
나 말고 더 있어 네 여잔
하나 둘 셋 넷
뚜루뚜뚜 뚜뚜 뚜 뚜루뚜
우리 둘이 딱 헤어져
싹싹 빌고 엉엉 울고
그래도 안 봐 줄래
뚜루뚜뚜 뚜뚜 뚜 뚜루뚜
여기까지 딱 좋았어
어머 어머 정말이야 끝이야
미안해 하니까 한 번만
봐 줄까 그래 볼까
뚜루뚜뚜 뚜뚜 뚜 뚜루뚜
어딨는지 뭘 하는지 하루에도
열 두번은 전화해 안 봐 줄래
뚜루뚜뚜 뚜뚜 뚜 뚜루뚜
거짓말을 또 한다면 그땐 정말
가만 안 둬 진짜야
약속해줘 너는 나만 사랑해"
17,삼촌 (Feat. 이적),아이유,3628515,"삼촌 이제 오세요
오늘도 술 좀 마신 건가요
그래도 한 손에는
조카들 좋아할 과자 들고서
너무 속상해 말아요
이리 치이고 저리 치여도
할머니 구박에도
기가 죽으면 안 돼요
난 믿어요 우리 삼촌을
개구쟁이 같은 얼굴
무릎 나온 츄리닝
언제 철이 들까 하면서도
지금이 좋아
철부지 삼촌이 귀여운 삼촌이 우
항상 내가 예쁘다
이 세상에서 제일 예쁘다
못 생긴 내 콧날도
한가인처럼 예쁘다 해주는
집안의 맨 끝방 신세
그래도 여친 데려온 날엔
어깨에 힘이 잔뜩
마치 우리 아빠만큼 커 보여
우리 삼촌은
개구쟁이 같은 얼굴
무릎 나온 츄리닝
언제 철이 들까 하면서도
지금이 좋아
철부지 삼촌이 귀여운 삼촌이 우
Check it out
좀만 기다려봐 봐
삼촌을 믿어봐 봐
작은 Papa 이제 난다
궁상맞은 내 모습
Bye Bye Bye Bye
삼촌 술 담배 좀 끊어
쪼그만게 지 아빠
닮아가지고 잔소리는
아유 장가는 가야 될 거 아니야
지겨워 죽겠어 그냥
하 그러게
개구쟁이 같은 얼굴
무릎 나온 츄리닝
언제 철이 들까 하면서도
지금이 좋아
철부지 삼촌이 귀여운 삼촌이 우
삼촌 짱"
18,Boo,아이유,2140966,"Think about it I U
Check it check I U
Boo boo boo True color present
내가 별로라는
외몰 갖고 있는 너라고
많이 안 좋아하는 버릇도
모조리 다 갖추고 있어
어쩜 스치기만 해도
엄청나게 싫은 얼굴로
널 쳐다봤어
네가 여자친구 없는 이율 알겠어
다른 애들보다 조금 수준 떨어져
하지만 며칠 뒤에
어느새 나도 모르게
거짓말처럼
You are my boo
내게 사랑을 줘 한 입만
Boo 맛있는 사랑을 할 거야
Boo 아이스크림보다 달콤한
My boo My my boo
언제나 나는
난 너만 사랑하고파
그냥 그냥 네 곁에만 있고파
아무 아무 것도 난 필요 없는 걸
My boo My my Boo boo
괜히 콧대 높고
쓸데 없이 눈만 높아서
나를 지나만 가는 남자도
모조리 다 점수를 매겨
이러네 저러네 말하고
꼼꼼하게 흠을 잡아도
좀 외로웠어
내가 남자친구 없는 이율 알겠어
다른 애들보다 너무 재기만 했어
하지만 며칠 뒤에 어느새
나도 모르게 거짓말처럼
You are my boo
내게 사랑을 줘 한 입만
Boo 맛있는 사랑을 할 거야
Boo 아이스크림보다 달콤한
My boo My my boo
언제나 나는
난 너만 사랑하고파
그냥 그냥 네 곁에만 있고파
아무 아무 것도 난 필요 없는 걸
My boo My my boo Boo
햇살이 좋은 날에
살짝 바람 부는 날에
단 둘이 단 둘이 네 손을 꼭 잡고
걷고 싶은 게 간절하니깐
너무나 신기해 You're my boy
You are my boo
하나만 물어보고 싶어
boo 내맘과 니맘이 같다면
boo 지금부터 나를 불러줘
My boo My my boo
언제나 나는
난 너만 사랑하고파
그냥 그냥 네 곁에만 있고파
아무 아무 것도 난 필요 없는 걸
My boo My my boo Boo boo"
19,소격동,아이유,5401276,"나 그대와 둘이 걷던
그 좁은 골목계단을 홀로 걸어요
그 옛날의 짙은 향기가
내 옆을 스치죠
널 떠나는 날 사실 난
등 밑 처마 고드름과 참새소리
예쁜 이 마을에 살 거예요
소격동을 기억하나요
지금도 그대로 있죠
아주 늦은 밤 하얀 눈이 왔었죠
소복이 쌓이니 내 맘도 설레었죠
나는 그 날 밤 단 한숨도 못 잤죠
잠들면 안돼요
눈을 뜨면 사라지죠
어느 날 갑자기 그 많던 냇물이
말라갔죠
내 어린 마음도 그 시냇물처럼
그렇게 말랐겠죠
너의 모든 걸 두 눈에 담고 있었죠
소소한 하루가 넉넉했던 날
그러던 어느 날 세상이 뒤집혔죠
다들 꼭 잡아요
잠깐 사이에 사라지죠
잊고 싶진 않아요
하지만 나에겐
사진 한 장도 남아있지가 않죠
그저 되뇌이면서 되뇌이면서
나 그저 애를 쓸 뿐이죠
아주 늦은 밤 하얀 눈이 왔었죠
소복이 쌓이니 내 맘도 설레었죠
나는 그 날 밤 단 한숨도 못 잤죠
잠들면 안돼요
눈을 뜨면 사라지죠"
20,이 지금,아이유,30378155,"이건 비밀이야
아무에게도 고백하지 않았던
이야기를 들려주면
큰 눈으로 너는 묻지
How wow wow Whatever
나 실은 말이야
저기 아득한 미래로부터 날아왔어
쏟아질 듯이 빼곡한 별들 사이를 지나
Fly fly fly
있지 그곳도 사실 바보들 투성이야
아니 매우 반짝이는 건 오히려
Now now now
이 하루 이 지금 우리
눈부셔 아름다워
이 불꽃놀이는 끝나지 않을 거야
Ooh Whatever
흐린 날이면
거짓말처럼 무섭게 깜깜했지
새침데기 태양은 뜨겁기는커녕
peacock
Blue blue blue Whatever
매일매일
제멋대로인 바람결을 땋아서 만든
이 나침반이 가리킨 그곳에서 발견
Oh That's you you yes you
있지 저런 건 그저 자그만 돌멩이야
빛이 나는 건 여기 있잖아
Life is cool cool cool
시간은 많아 이대로면 아마
영원히 살 수 있지 않을까
안녕 나의 주인공 그래 너를 만나러 나
짜잔 우아하게 등장
바로 이 하루 이 지금 우리
눈부셔 아름다워
나는 확실히 알아 오늘의 불꽃놀이는
끝나지 않을 거야
우우우 우우우
우우우 우우우
더 놀라운 건 지금부터야"
21,애타는 마음,아이유,4711007,"너에게 눈을 뗄 수 없는 이유가
뭔지 내게 말해줘
사랑일까 이런 게 사랑일까
바로 너야
이쁜 이 장미 닮은 너야
입술이 딸기같은 거야
내 맘을 1초만에 다 뺏겨 버렸어
그래 나야
널 아껴주는 사람 나야
널 지켜주는 사람 나야
니 사랑 송두리째 다 뺏어 주겠어
어느 때보다 확실해
다른 애보다 위험해
자꾸만 눈길이 가 이상하지 나
소란해 내 심장이
쿵 쾅 뛰는 소리 커져 가
니가 다가와 주면
사랑일까 사랑이야
이런 게 사랑일까
어떡해 얼굴이
금방 새빨개진 이유가
뭔지 내게 말해줘
사랑일까 사랑이야
이런 게 사랑일까
나나나 촌스럽지만
다다다 유치하지만
애애애 애 타는 내 맘 속에 너 있어
오직 너야
수 십 번 생각해도 너야
두리번 둘러봐도 너야
내 사랑 너의 품에 다 던져 주겠어
그 누구 보다 짜릿해
너를 보면 나 아찔해
자꾸만 눈길이 와 떨려오잖아
소란해 내 심장이
쿵 쾅 뛰는 소리 커져 가
니가 다가와 주면
사랑일까 사랑이야
이런 게 사랑일까
어떡해 얼굴이
금방 새빨개진 이유가
뭔지 내게 말해줘
사랑일까 사랑이야
이런 게 사랑일까
널 바라 볼 때 설레어 올 때
내 머린 하늘까지 닿을 듯이 ol'e
우연이 운명이 된
이 순간에 말하자면
시간이 멈춘 것 같아
I'm ready for love
내 심장이 쿵 쾅 뛰는 소리 커져 가
니가 다가와 주면
사랑일까 이런 게 사랑일까
어떡해 얼굴이 금방
새빨게진 이유가
뭔지 내게 말해줘
사랑일까 사랑이야
이런 게 사랑일까
나나나 촌스럽지만
다다다 유치하지만
애애애 애 타는 내 맘 속에 너 있어"
22,새 신발,울랄라세션,7896506,"안녕 오래 기다렸니
지루했지
I run and I run and I run and I run
나 지금 기분이 딱 완벽해
나를 시무룩하게 만들 생각은 마
에나멜 플랫 슈즈 위 따다닥
빨간 뾰족구두를 신고 또각
키가 큰 거울 앞에 다가가
한 바퀴 사뿐히 빙그르르
아직 춤춰요 Mr 분홍신
앞코를 부딪혀 like 도로시
발에 꼭 맞는 새 신을 신고
너에게 갈 준비됐어
설레 아이쿠
내 맘속에 작은 소용돌이
살랑 달큰한 바람은 나를 들뜨게
높은 계단 좁은 골목 난 어디든 가
내 마음에 꼭 맞는 새 신발을 신고
오늘 컨디션은 어떠니
하루 종일 나랑 여기 거기
또 저기 갈 준비됐니
단단히 맘먹었지
혹시나 일찍 집에
들어갈 생각은 마
근사한 음악소리 빠라밤
심장은 리듬이 돼요 빠담
우리랑 같이 춤춰요 마담
한 바퀴 사뿐히 빙그르르
들뜬 기분으로 아니마토
여기선 좀 더 빨리 가볼까
알레그로
특별히 신경 써서 아첸토
코러스부터 다시 한 번
설레 아이쿠
내 맘속에 작은 소용돌이
살랑 달큰한 바람은 나를 들뜨게
높은 계단 좁은 골목 난 어디든 가
내 마음에 꼭 맞는 새 신을 신고
얼마나 좋니 파란 하늘 아래서
사랑하기 완벽한 날이지
왼손을 꼭 잡아줘
지금부터는 달릴 거야
설레 아이쿠
내 맘속에 하얀 바람개비
싱그르 웃는 손톱달이 뜰 때까지
높은 계단 좁은 골목 난 어디든 가
한 걸음 또 한 걸음 온 세상을 걷자
설레 아이쿠
내 맘속에 작은 소용돌이
살랑 달큰한 바람은 나를 들뜨게
높은 계단 좁은 골목 난 어디든 가
내 마음에 꼭 맞는 새 신발을 신고"
23,복숭아,아이유,3791293,"자꾸 눈이 가네 하얀 그 얼굴에
질리지도 않아 넌 왜
슬쩍 웃어줄 땐 나 정말 미치겠네
어쩜 그리 예뻐 babe
뭐랄까 이 기분
널 보면 마음이 저려오네 뻐근하게
오 어떤 단어로 널 설명할 수 있을까
아마 이 세상 말론 모자라
가만 서 있기만 해도 예쁜 그 다리로
내게로 걸어와 안아주는
너는 너는 너
You know he's so beautiful
Maybe you will never know
내 품에 숨겨두고 나만 볼래
어린 마음에 하는 말이 아니야
꼭 너랑 결혼할래
오 어떤 단어로 널 설명할 수 있을까
아마 이 세상 말론 모자라
가만 서 있기만 해도 예쁜 그 다리로
내게로 걸어와 안아주는
너는 너는 너
몇 번을 말해줘도 모자라
오직 너만 알고 있는
간지러운 그 목소리로
노래 부를 거야
나 나 나 나 나 나 나 나 나
자꾸 맘이 가네 나 정말 미치겠네"
24,Love Attack,아이유,2354530,"다가와 줄래 날 안아 줄래
소원은 하나 뿐이야
be my love
iu iu iu iu say me
digi digi digi digi digi
digi digi digi digi jum jum
Love Attack
오늘은 왜 이렇게 전화를 안할까 why
겁쟁이 같이 겁이 많니
아님 내 생각이 나질 않니
늦은밤 울렸던 너의 벨소리가
들리지 않아
잠도 들지 못하고 자꾸 불안해
아님 내 맘을 다 태워 버린걸까
알면 누가 내게 말해줘
답답해 궁금해 미치겠어
be my love 빨리 빨리 전화해
be my love 내가 보고 싶을땐
love atack
기다리게 하다 미치면 어떡 할라고
be my love 망설이지 말고 전화해
tak tak tak tak Love Attack tack tack
tak tak tak tak Love Attack Tack Tack
한주에 한번은 꼭 약속을 정하지 why
만나면 관심없는 척해
통화할 땐 너무 착한 척해
이랬다 저랬다 너의 줄다리기
정신이 없어
어지러워 헷갈려 자꾸 멍해져
아님 몰라서 빠져 버린걸까
알면 누가 내게 말해줘
답답해 궁금해 미치겠어
be my love 빨리 빨리 전화해
be my love 내가 보고 싶을땐
love atack
기다리게 하다 미치면 어떡 할라고
be my love 망설이지 말고 전화해
tak tak tak tak Love Attack tack tack
tak tak tak tak Love Attack Tack Tack
oh love attack oh love love ttack
oh love attack oh love love ttack
나난나나나 나난나나나
나난나나나 나 now ah
나난나나나 나난나나나
saying me saying me
이젠 너의 마음 전부 알고 싶어
이젠 너의 사랑 너무 갖고 싶어
정말로 간절하게 정말로 부탁할게
ring ma bell
be my love 빨리 빨리 전화해
be my love 내가 보고 싶을땐
love atack
기다리게 하다 미치면 어떡 할라고
be my love 망설이지 말고 전화해
be my love 빨리 빨리 전화해
be my love 내가 보고 싶을땐
love atack
기다리게 하다 미치면 어떡 할라고
be my love 망설이지 말고 전화해 love
tak tak tak tak Love Attack tack tack
tak tak tak tak Love Attack Tack Tack
tak tak tak tak Love Attack Tack Tack
tak tak tak tak Love Attack Tack Tack"
25,Flu,아이유,33372782,"Doc, I’m feeling bad
미열이 흐르고 또 어질어질해
there’s too much pain
식은땀이 흘러 온몸이 끈끈해

엉망이 될 것만 같은 끔찍한 예감이 들어
귓가엔 마지막 경고 같은 이명이 들려
Hold on a sec, oh damn, I got a bad flu

믿을 수가 없어
오 이런, 바보 같이
또 사랑에 빠져
힐끗힐끗 눈을 맞추면 I’m very embarrassed
온몸에 퍼지는 virus
난 더운 숨을 몰아 쉬어
쓰러질 때까지

후후후후후 후후후후후후
이 고통은 마치
Flu hu huhuhu flu flu hu hu hu
오 이런 바보 같이

I have no plan
시름시름 한참 널 앓을 수밖에
Irony해
내 마음은 쿡 찌르르 아픈데

입가엔 제멋대로 미묘한 웃음이 흘러
Hold on a sec, oh damn I got a bad flu

믿을 수가 없어
오 이런, 바보 같이
또 사랑에 빠져
힐끗힐끗 눈을 맞추면 I’m very embarrassed
온몸에 퍼지는 virus
난 더운 숨을 몰아 쉬어
쓰러질 때까지

후후후후후 후후후후후후
이 고통은 마치
Flu hu huhuhu flu flu hu hu hu
오 이런 바보 같이

안간힘을 다해봐도
이제 더는 무리일 걸
완전히 진 기분이 들어

피할 수가 없어
뜻밖의 사고 같이
또 사랑에 빠져
아슬아슬 다가가 위태로운 Everest
심장에 울리는 siren
사나운 숨을 몰아 쉬어
쓰러질 때까지

후후후후후 후후후후후후
이 고통은 마치
Flu hu huhuhu flu flu hu hu hu
오 이런 바보 같이

후후후후후 후후후후후후
이 고통은 마치
Flu hu huhuhu flu flu hu hu hu
오 이런 바보 같이"
26,너랑 나,아이유,3625504,"시곌 보며 속삭이는 비밀들
간절한 내 맘속 이야기
지금 내 모습을 해쳐도 좋아
나를 재촉하면 할수록 좋아
내 이름 불러줘
손 틈새로 비치는 내 맘
들킬까 두려워
가슴이 막 벅차 서러워
조금만 꼭 참고 날 기다려줘
너랑 나랑은 지금 안되지
시계를 더 보채고 싶지만
네가 있던 미래에서
내 이름을 불러줘
내가 먼저 엿보고 온 시간들
너와 내가 함께였었지
나랑 놀아주는 그대가 좋아
내가 물어보면 그대도 좋아
내 이름이 뭐야
손 틈새로 비치는 내 맘
들킬까 두려워
가슴이 막 벅차 서러워
조금만 꼭 참고 날 기다려줘
너랑 나랑은 지금 안되지
시계를 더 보채고 싶지만
네가 있던 미래에서
내 이름을 불러줘
눈 깜박하면 어른이 될 거에요
날 알아보겠죠 그댄 기억하겠죠
그래 기묘했던 아이
손 틈새로 비치는 네 모습 참 좋다
손끝으로 돌리며
시곗바늘아 달려봐
조금만 더 빨리 날아봐
두 눈을 꼭 감고 마법을 건다
너랑 나랑은 조금 남았지
몇 날 몇실진 모르겠지만
네가 있을 미래에서
혹시 내가 헤맨다면
너를 알아볼 수 있게
내 이름을 불러줘"
27,Blueming,아이유,32183386,"‘뭐해?‘라는 두 글자에
‘네가 보고 싶어’ 나의 속마음을 담아 우
이모티콘 하나하나 속에
달라지는 내 미묘한 심리를 알까 우

아니 바쁘지 않아 nothing no no
잠들어 있지 않아 insomnia nia nia
지금 다른 사람과 함께이지 않아
응, 나도 너를 생각 중

우리의 네모 칸은 bloom
엄지손가락으로 장미꽃을 피워
향기에 취할 것 같아 우
오직 둘만의 비밀의 정원

I feel bloom I feel bloom I feel bloom
너에게 한 송이를 더 보내

밤샘 작업으로 업데이트
흥미로운 이 작품의 지은이 that’s me 우
어쩜 이 관계의 클라이맥스
2막으로 넘어가기엔 지금이 good timing 우

같은 맘인 걸 알아 realize la lize
말을 고르지 말아 just reply la la ly
조금 장난스러운 나의 은유에
네 해석이 궁금해

우리의 색은 gray and blue
엄지손가락으로 말풍선을 띄워
금세 터질 것 같아 우
호흡이 가빠져 어지러워

I feel blue. I feel blue. I feel blue.
너에게 가득히 채워

띄어쓰기없이보낼게사랑인것같애
백만송이장미꽃을, 나랑피워볼래?
꽃잎의 색은 우리 마음 가는 대로 칠해
시들 때도 예쁘게

우리의 네모 칸은 bloom
엄지손가락으로 장미꽃을 피워
향기에 취할 것 같아 우
오직 둘만의 비밀의 정원

I feel bloom I feel bloom I feel bloom
너에게 한 송이를 더 보내"
28,있잖아 (Rock Ver.),아이유,2140978,"One two three go

있잖아
왠지 두근두근 가슴이 떨려 몰라
있잖아
괜히 나를 보는 눈빛이 너무좋아
Baby one two three 내게 다가 와
Luv 부끄럽지만
A to Z 알고 싶어 난 숨겨 둔 너의 맘
나를 원하니 가지고 싶니
나의 모든 게 전부 네 것이길 바라니
사랑한단 한 마디만 솔직히 말해 봐

이별에
혼자 훌쩍 훌쩍 우는 건 싫어
정말
사랑에
너와 생글 생글 웃고만 싶어
항상
Baby one two three 두 손을 꼽아
Luv 세어보지만
A to Z 그 누구보다 네가 제일 좋아
나를 원하니 가지고 싶니
나의 모든 게 전부 네 것이길 바라니
사랑한단 한 마디만 솔직히 말해 봐
I believe you cause
I'm in love with you
이런 느낌은 처음이니까

나를 원하니 가지고 싶니
나의 모든 게 전부 네 것이길 바라니
사랑한단 한 마디만 솔직히 말해 봐
나를 원하니 가지고 싶니
나의 모든 게 전부 네 것이길 바라니
사랑한단 한 마디만 솔직히 말해 봐
부드러운 내 입술이 네 볼에 닿을 때
나만 사랑한단 말만 속삭여줘
Darling"
29,좋은 날,아이유,3051244,"어쩜 이렇게 하늘은 더 파란 건지
오늘따라 왜 바람은 또 완벽한지
그냥 모르는 척 하나 못들은 척
지워버린 척 딴 얘길 시작할까
아무 말 못하게 입맞출까
눈물이 차올라서 고갤 들어
흐르지 못하게 또 살짝 웃어
내게 왜 이러는지 무슨 말을 하는지
오늘 했던 모든 말 저 하늘 위로
한번도 못했던 말
울면서 할 줄은 나 몰랐던 말
나는요 오빠가 좋은걸 어떡해

새로 바뀐 내 머리가 별로였는지
입고 나왔던 옷이 실수였던 건지
아직 모르는 척 기억 안 나는 척
아무 일없던 것처럼 굴어볼까
그냥 나가자고 얘기할까
눈물이 차올라서 고갤 들어
흐르지 못하게 또 살짝 웃어
내게 왜 이러는지 무슨 말을 하는지
오늘 했던 모든 말 저 하늘 위로
한번도 못했던 말
울면서 할 줄은 나 몰랐던 말
나는요 오빠가 좋은걸
어떡해

이런 나를 보고
그런 슬픈 말은 하지 말아요
철없는 건지 조금 둔한 건지
믿을 수가 없는걸요
눈물은 나오는데 활짝 웃어
네 앞을 막고서 막 크게 웃어
내가 왜 이러는지 부끄럼도 없는지
자존심은 곱게 접어 하늘위로
한 번도 못했던 말
어쩌면 다신 못할 바로 그 말
나는요 오빠가 좋은걸
아이쿠 하나 둘
I'm in my dream
It's too beautiful beautiful day
Make it a good day
Just don't make me cry
이렇게 좋은 날"
30,잼잼,아이유,30378159,"알 만한 사람끼리 이 정도 거짓말엔
속아주는 게 예의 아닌가요
될래 그깟 멍청이 뭐든 해봐요 우리
생각할 겨를조차 주지 마요
설탕이 필요해 난 몸에
나쁜 게 좀 필요해
뜨뜻미지근한 건 그만해
막 솔직하겠다고 그게 뭐라고
I need some sugar
I need something fake
진심이란 게 뭐야 난 상관 안 해
둘 다 알잖아 Limit 곧 끝날 텐데
식기 전에 날 부디 한껏 녹여줘 Babe
덮고 그 위에 다시 얹고 또다시
덮고 그 위에 다시 얹고 또다시
덮고 그 위에 다시 얹고 또다시
덮고 그 위에 다시 얹고 또다시
알 만한 사람끼리 이 정도 거짓말엔
속아주는 게 예의 아닌가요
될래 그깟 멍청이 뭐든 해봐요 우리
생각할 겨를조차 주지 마요
Jam 설탕 탕 탕 사랑 랑 랑
Jam 설탕 탕 탕 사랑 랑 랑
사랑한다고 해
입에 발린 말을 해 예쁘게
끈적끈적 절여서 보관할게
썩지 않게 아주 오래
I need some sugar
I need something fake
천연 그런 거 몰라 자극적이게
굳이 알려고 하지 말자
의미 그놈의 의미
어서 다 녹여줘 Babe
덮고 그 위에 다시 얹고 또다시
덮고 그 위에 다시 얹고 또다시
덮고 그 위에 다시 얹고 또다시
덮고 그 위에 다시 얹고 또다시
Jam 아주 형체도 알아볼 수 없게
Jam 이것 봐 온몸에 묻었어
사랑 사랑 사랑
Jam Baby make me be sweet
Baby make me so sweet baby
Jam Oh Baby make me be sweet
Baby make me so sweet
알 만한 사람끼리 이 정도 거짓말엔
속아주는 게 예의 아닌가요
될래 그깟 멍청이 뭐든 해봐요 우리
멍청이 우린
생각할 겨를조차 주지 마요
덮고 그 위에 다시 얹고 또다시
덮고 그 위에 다시 얹고 또다시
덮고 그 위에 다시 얹고 또다시
덮고 그 위에 다시 얹고 또다시"
31,잔소리 (With 2AM 슬옹),아이유,2705410,"늦게 다니지좀 마

술은 멀리좀 해봐

열살짜리 애처럼 말을 안듣니

정말 웃음만 나와

누가 누굴보고 아이라 하는지

정말 웃음만 나와

싫은 얘기 하게 되는 내 맘을 몰라

좋은 얘기만 나누고 싶은 내맘을 몰라

그만할까 그만하자

하나부터 열까지 다 널 위한 소리

내 말 듣지 않는 너에게는 뻔한 잔소리

그만하자 그만하자

사랑하기만해도 시간 없는데

머리 아닌 가슴으로 하는 이야기

니가 싫다 해도 안 할수가 없는 이야기

그만하자 그만하자

나의 잔소리가 들려

밥은 제 때 먹는지

여잔 멀리 하는지

온 종일을 네 옆에 있고 싶은데

내가 그 맘인거야

주머니속에 널 넣고 다니면

정말 행복할텐데

둘이 아니면 안되는 우리 이야기

누가 듣는다면 놀려대고 웃을 이야기

그만할까 그만하자

하나부터 열까지 다 널 위한 소리

내 말 듣지 않는 너에게는 뻔한 잔소리

그만하자 그만하자

사랑하기만해도 시간 없는데

머리 아닌 가슴으로 하는 이야기

니가 싫다 해도 안 할수가 없는 이야기

그만하자 그만하자

나의 잔소리가 들려

눈에 힘을 주고 겁을 줘봐도

내겐 그저 귀여운 얼굴

이럴래 자꾸 더는 못 참고

정말 화낼지 몰라

사랑하다 말거라면 안 할 이야기

누구보다 너를 생각하는 마음의 소리

화가 나도 소리 쳐도

너의 잔소리마저 난 달콤한데

사랑해야 할 수 있는 그런 이야기

내 말 듣지 않는 너에게는 뻔한 잔소리

그만하자 그만하자

이런 내 맘을 믿어줘"
32,하루 끝,아이유,3795586,"Monday Better day
처음처럼 설레이는 그런 날
Sunday Better day
종일 너만 생각하는 그런 날
욕심이 나
우리 사이 요만큼만 더 가까이
딱 한 발짝 그만큼 더 가까이
혼잣말이 속삭임이
너도 궁금할 순 있잖아
네가 좋아서 그래
나 차가운 척 표정 짓고 있지만
내 마음은 그게 아닌데 거짓말인데
바보 같은 네가 난 답답해
너무 좋아서 그래
나 시무룩한 얼굴하고 있지만
또 기다리다 고민만 하다
흘러가는 하루 끝에서 하는 말
내가 널 사랑해
One day Holiday
혼자 있긴 너무너무 싫은 날
One day Cloudy day
울 것처럼 하늘도 찌푸린 날
눈물이 와 서글픈 내 맘을 닮은
눈물이 와
꾹 참았다 쏟아지는 내 맘이
온 하늘에 온 세상에
그저 슬픈 건 아닐 거야
네가 좋아서 그래
나 차가운 척 표정 짓고 있지만
내 마음은 그게 아닌데 거짓말인데
바보 같은 네가 난 답답해
너무 좋아서 그래
나 시무룩한 얼굴하고 있지만
또 기다리다 고민만 하다
흘러가는 하루 끝에서 하는 말
내가 널 사랑해
내 입술엔 거짓말
내 눈 속엔 정말 하고픈 말
맘속에 숨어 있는 말
많이 좋아서 그래
뒤돌아서 느려진 발걸음을 봐
널 기다리는 맘인 거잖아
날 지켜본 너라면 알잖아
내가 몰라서 그래
네 마음이 들리게 내게 말해줘
손 내밀면 될 것 같은데
망설이는 이유가 나와 같다면
이제 다가와 줘"
33,마음,아이유,5700639,"툭 웃음이 터지면 그건 너
쿵 내려앉으면은 그건 너
축 머금고 있다면 그건 너
둥 울림이 생긴다면 그건 너
그대를 보며
나는 더운 숨을 쉬어요
아픈 기분이 드는 건
그 때문이겠죠
나를 알아주지 않으셔도 돼요
찾아오지 않으셔도
다만 꺼지지 않는 작은 불빛이
여기 반짝 살아있어요
영영 살아있어요
눈을 떼지 못 해
하루종일 눈이 시려요
슬픈 기분이 드는 건
그 때문이겠죠
제게 대답하지 않으셔도 돼요
달래주지 않으셔도
다만 꺼지지 않는 작은 불빛이
여기 반짝 살아있어요
세상 모든 게 죽고 새로 태어나
다시 늙어갈 때에도
감히 이 마음만은 주름도 없이
여기 반짝 살아있어요
영영 살아있어요
영영 살아있어요"
34,Havana,아이유,4369837,"거기선 모두가 노랠 하고 산대요
부서지는 파도 앞에 살면서
가장 낯설은 도시 가장 익숙한 그대와
어때요 멋질 것 같죠
여기선 다 못한 우리 비밀 얘기들
크게 나누면서 걸어 다닐래
이건 외워주세요 hola
muchacha Hermosa
아침마다 말해줘요
널 위해 한 잔 날 위해 한 잔
늦은 저녁의 피냐 콜라다
웃어요 활짝 예뻐요 찰칵
이 순간을 기억해
Havana you’re my Havana
그대의 미지의 그 눈빛
Havana 언제나 설레임
그대의 존재는 날 꿈꾸게 해
너무 정신 없이 바쁠수록 소중한
그대와 마주한 짧은 순간들
기다릴 누군가가 있는
하루는 행복해
반쯤은 들뜬 내 모습
햇살이 얼핏 달콤한 귤빛
오후가 떠날 마지막 순간
그대를 만날 준비할 시간
난 여행을 떠나요
Havana you’re my Havana
그대의 미지의 그 눈빛
Havana 언제나 설레임
그대의 존재는 날 꿈꾸게 해
그대는 나만의 휴식
고민과 걱정 사라지네
난 매일 저 멀리 떠나요
그대를 볼 때면
Havana you’re my Havana
그대의 미지의 그 눈빛
Havana 언제나 설레임
그대의 존재는 날 꿈꾸게 해
날 꿈꾸게 해"
35,꿍따리 샤바라 (Feat. 클론),아이유,4646588,"마음이 울적하고 답답할 땐
산으로 올라가 소릴 한번 질러봐
나처럼 이렇게 가슴을 펴고
꿍따리 샤바라 빠빠빠빠
기쁨과 슬픔이 엇갈리고
좌절과 용기가 교차되고
만남과 이별을 나누면서
그렇게 우리는 살아가고
뜻대로 되지 않을 때도 있고
마음먹은 대로 될 때도 있어
다 그런 거야 누구나
세상은 그렇게 돌아가니까
다 그렇게 사는 거야
희비가 엇갈리는 세상 속에서
내일이 다시 찾아오기에
우리는 희망을 안고 사는 거야
마음대로 일이 되지 않을 때
하던 일을 멈추고 여행을 떠나봐
바다를 찾아가 소릴 질러봐
꿍따리 샤바라 빠빠빠빠
꿍따리 샤바라 빠빠빠
빠빠빠빠빠 빠빠빠
꿍따리 샤바라 빠빠빠
빠빠빠빠빠 빠빠빠
우울한 날이 계속 이어질 땐
신나는 음악에 신나게 춤을 춰봐
나처럼 이렇게 리듬에 맞춰
꿍따리 샤바라 빠빠빠빠
기쁨과 슬픔이 엇갈리고
좌절과 용기가 교차되고
만남과 이별을 나누면서
그렇게 우리는 살아가고
뜻대로 되지 않을 때도 있고
마음먹은 대로 될 때도 있어
다 그런 거야 누구나
세상은 그렇게 돌아가니까
다 그렇게 사는 거야
희비가 엇갈리는 세상 속에서
내일이 다시 찾아오기에
우리는 희망을 안고 사는 거야
마음대로 일이 되지 않을 땐
하던 일을 멈추고 여행을 떠나봐
바다를 찾아가 소릴 질러봐
꿍따리 샤바라 빠빠빠빠
꿍따리 샤바라 빠빠빠
빠빠빠빠빠 빠빠빠
꿍따리 샤바라 빠빠빠
빠빠빠빠빠 빠빠빠"
36,에잇(Prod.&Feat. SUGA of BTS),아이유,32578498,"So are you happy now
Finally happy now are you

뭐 그대로야 난
다 잃어버린 것 같아

모든 게 맘대로 왔다가 인사도 없이 떠나
이대로는 무엇도 사랑하고 싶지 않아
다 해질 대로 해져버린
기억 속을 여행해

우리는 오렌지 태양 아래
그림자 없이 함께 춤을 춰
정해진 이별 따위는 없어
아름다웠던 그 기억에서 만나
Forever young

우우우 우우우우 우우우 우우우우
Forever we young
우우우 우우우우
이런 악몽이라면 영영 깨지 않을게

섬 그래 여긴 섬 서로가 만든 작은 섬
예 음 forever young 영원이란 말은 모래성

작별은 마치 재난문자 같지
그리움과 같이 맞이하는 아침
서로가 이 영겁을 지나
꼭 이 섬에서 다시 만나

지나듯 날 위로하던 누구의 말대로 고작
한 뼘짜리 추억을 잊는 게 참 쉽지 않아
시간이 지나도 여전히
날 붙드는 그곳에

우리는 오렌지 태양 아래
그림자 없이 함께 춤을 춰
정해진 안녕 따위는 없어
아름다웠던 그 기억에서 만나

우리는 서로를 베고 누워
슬프지 않은 이야기를 나눠
우울한 결말 따위는 없어
난 영원히 널 이 기억에서 만나
Forever young

우우우 우우우우 우우우 우우우우
Forever we young
우우우 우우우우
이런 악몽이라면 영영 깨지 않을게"
37,잠 못 드는 밤 비는 내리고,아이유,30646585,"창밖을 보면 비는 오는데
괜시리 마음만 울적해
울적한 마음을 달랠 수가 없네
잠도 오지 않는 밤에
슬픈 노래는 듣고 싶지 않아
내 마음속에 잠들어있는
네가 다시 나를 찾아와
나는 긴긴밤을 잠 못 들 것 같아
창밖에 비가 내리면
우두커니 창가에 기대어 앉아
기타를 퉁기며 노래를 불렀지
네가 즐겨듣던 그 노래
창밖을 보면 비는 오는데
괜시리 마음만 울적해
울적한 마음을 달랠 수가 없네
잠도 오지 않는 밤에
이젠 나의 희미한 기억 속에
너는 점점 더 멀어져 가고
너의 슬픈 미소만이 나의 마음속에
가득 남아 흐르고 있어
이렇게 비가 오는 밤이면
너는 나를 더욱 슬퍼지게 해
언제나 즐겨듣던 그 노래가
내 귓가에 아직 남아있는데
이렇게 비가 오는 밤이면
내 지친 그리움으로 널 만나고
이 비가 그치고 나면
난 너를 찾아 떠나갈 거야
두 눈을 감고 잠을 청해도
비 오는 소리만 처량해
비 오는 소리에 내 마음 젖었네
잠도 오지 않는 밤에
이젠 나의 희미한 기억 속에
너는 점점 더 멀어져 가고
너의 슬픈 미소만이 나의 마음속에
가득 남아 흐르고 있어
이렇게 비가 오는 밤이면
너는 나를 더욱 슬퍼지게 해
언제나 즐겨듣던 그 노래가
내 귓가에 아직 남아있는데
이렇게 비가 오는 밤이면
내 지친 그리움으로 널 만나고
이 비가 그치고 나면
난 너를 찾아 떠나갈 거야
비가 오는 밤이면
내 지친 그리움으로 널 만나고
비가 그치고 나면
난 너를 찾아 떠나갈 거야"
